{
  "type": "origins:action_over_time",
  "interval": 20,
  "entity_action": {
    "type": "origins:and",
    "actions": [
      {
        "type": "origins:execute_command",
        "command": "effect give @s minecraft:slowness 2 5 true"
      },
      {
        "type": "origins:execute_command",
        "command": "effect give @s minecraft:mining_fatigue 2 2 true"
      },
      {
        "type": "origins:execute_command",
        "command": "effect give @s minecraft:weakness 2 2 true"
      },
      {
        "type": "origins:execute_command",
        "command": "effect give @s minecraft:hunger 2 0 true"
      }
    ]
  },
  "condition": {
    "type": "origins:resource",
    "resource": "stormx_:exhaust_charge",
    "comparison": ">=",
    "compare_to": 80
  },
  "hidden": true
}