{
  "type": "origins:multiple",
  "charge":{
    "type": "origins:resource",
    "min": 0,
    "max": 100,
    "hud_render": {
      "should_render": true,
      "sprite_location": "origins:textures/gui/community/huang/resource_bar_02.png",
      "bar_index": 12
    }
  },
  "fuel_loss": {
    "type": "origins:action_over_time",
    "interval": 20,
    "entity_action": {
      "type": "origins:execute_command",
      "command": "resource change @s hermes:exhaust_charge -1"
    },
    "condition": {
      "type": "origins:moving",
      "inverted": true
    }
  },
  "fuel_loss_fast": {
    "type": "origins:action_over_time",
    "interval": 20,
    "entity_action": {
      "type": "origins:execute_command",
      "command": "resource change @s hermes:exhaust_charge -5"
    },
    "condition": {
      "type": "origins:submerged_in",
      "fluid": "minecraft:water"
    }
  },
  "level1": {
    "type": "origins:action_over_time",
    "interval": 20,
    "entity_action": {
      "type": "origins:execute_command",
      "command": "effect give @s minecraft:slowness 2 0 true"
    },
    "condition": {
      "type": "origins:resource",
      "resource": "hermes:exhaust_charge",
      "comparison": ">=",
      "compare_to": 50
    }
  },
  "level2": {
    "type": "origins:action_over_time",
    "interval": 20,
    "entity_action": {
      "type": "origins:and",
      "actions": [
        {
          "type": "origins:execute_command",
          "command": "effect give @s minecraft:slowness 2 1 true"
        },
        {
          "type": "origins:execute_command",
          "command": "effect give @s minecraft:mining_fatigue 2 0 true"
        },
        {
          "type": "origins:execute_command",
          "command": "effect give @s minecraft:weakness 2 0 true"
        }
      ]
    },
      "condition": {
        "type": "origins:resource",
        "resource": "hermes:exhaust_charge",
        "comparison": ">=",
        "compare_to": 60
      }
  },
  "name": "Exhausting",
  "description": "You have a bar that measures your exhaustion, it charges up when you use your abilities and will give you negative effects when your too exhausted, and it loses charge when your standing still or in water."
}