{
  "type": "origins:active_self",
  "cooldown": 0,
  "hud_render": {
    "should_render": false
  },
  "key": {
    "key": "key.origins.primary_active",
    "continuous": true
  },
  "entity_action": {
    "type": "origins:and",
    "actions": [
      {
        "type": "origins:execute_command",
        "command": "setblock ~ ~-1 ~ dirt",
        "permission_level": 2
      },
      {
        "type": "origins:equipped_item_action",
        "equipment_slot": "mainhand",
        "action": {
          "type": "origins:consume",
          "amount": 1
        }
      },
      {
        "type": "origins:execute_command",
        "command": "resource change @s hermes_:exhaust_charge 1"
      }
    ]
  },
  "condition": {
    "type": "origins:and",
    "conditions": [
      {
        "type": "origins:equipped_item",
        "equipment_slot": "mainhand",
        "item_condition": {
          "type": "origins:ingredient",
          "ingredient": {
            "item": "minecraft:dirt"
          }
        }
      },
      {
        "type": "origins:command",
        "command": "execute if block ~ ~-1 ~ air",
        "comparison": "==",
        "compare_to": 1
      },
      {
        "type": "origins:sneaking",
        "inverted": true
      }
    ]
  },
  "name": "Fast Reflexes",
  "description": "You can press your primary key to place a dirt block below you as long as your holding a dirt block in your mainhand."
}