{
    "name": "On the run",
    "description": "Standing still for 10sec will give you slowness 5.",
    "type": "origins:multiple",
    "timer":
    {
        "type": "origins:resource",
        "min": 0,
        "max": 200,
        "start_value": 200,
        "hud_render":
        {
            "should_render": false,
            "sprite_location": "origins:textures/gui/resource_bar.png",
            "bar_index": 1
        }
    },
    "drain":
    {
        "type": "origins:action_over_time",
        "interval": 1,
        "entity_action":
        {
            "type": "origins:change_resource",
            "resource": "*:*_timer",
            "change": -1
        }
    },
    "empty_timer":
    {
        "type": "origins:stacking_status_effect",
        "condition":
        {
            "type": "origins:resource",
            "inverted": false,
            "comparison": "==",
            "resource": "*:*_timer",
            "compare_to": 0
        },
        "min_stacks": 0,
        "max_stacks": 255,
        "duration_per_stack": 20,
        "effect":
        {
            "duration": 0,
            "amplifier": 4,
            "is_ambient": false,
            "show_particles": false,
            "show_icon": true,
            "effect": "slowness"
        }
    },
    "primary":
    {
        "type": "origins:active_self",
        "cooldown": 10,
        "key":
        {
            "key": "key.origins.primary_active",
            "continuous": true
        },
        "entity_action":
        {
            "type": "origins:change_resource",
            "resource": "*:*_timer",
            "change": 200
        },
        "hud_render":
        {
            "should_render": false,
            "sprite_location": "origins:textures/gui/resource_bar.png",
            "bar_index": 1
        }
    },
    "secondary":
    {
        "type": "origins:active_self",
        "cooldown": 10,
        "key":
        {
            "key": "key.origins.secondary_active",
            "continuous": true
        },
        "entity_action":
        {
            "type": "origins:change_resource",
            "resource": "*:*_timer",
            "change": 200
        },
        "hud_render":
        {
            "should_render": false,
            "sprite_location": "origins:textures/gui/resource_bar.png",
            "bar_index": 1
        }
    },
    "key.forward":
    {
        "type": "origins:active_self",
        "cooldown": 10,
        "key":
        {
            "key": "key.forward",
            "continuous": true
        },
        "entity_action":
        {
            "type": "origins:change_resource",
            "resource": "*:*_timer",
            "change": 200
        },
        "hud_render":
        {
            "should_render": false,
            "sprite_location": "origins:textures/gui/resource_bar.png",
            "bar_index": 1
        }
    },
    "key.left":
    {
        "type": "origins:active_self",
        "cooldown": 10,
        "key":
        {
            "key": "key.left",
            "continuous": true
        },
        "entity_action":
        {
            "type": "origins:change_resource",
            "resource": "*:*_timer",
            "change": 200
        },
        "hud_render":
        {
            "should_render": false,
            "sprite_location": "origins:textures/gui/resource_bar.png",
            "bar_index": 1
        }
    },
    "key.back":
    {
        "type": "origins:active_self",
        "cooldown": 10,
        "key":
        {
            "key": "key.back",
            "continuous": true
        },
        "entity_action":
        {
            "type": "origins:change_resource",
            "resource": "*:*_timer",
            "change": 200
        },
        "hud_render":
        {
            "should_render": false,
            "sprite_location": "origins:textures/gui/resource_bar.png",
            "bar_index": 1
        }
    },
    "key.right":
    {
        "type": "origins:active_self",
        "cooldown": 10,
        "key":
        {
            "key": "key.right",
            "continuous": true
        },
        "entity_action":
        {
            "type": "origins:change_resource",
            "resource": "*:*_timer",
            "change": 200
        },
        "hud_render":
        {
            "should_render": false,
            "sprite_location": "origins:textures/gui/resource_bar.png",
            "bar_index": 1
        }
    },
    "key.jump":
    {
        "type": "origins:active_self",
        "cooldown": 10,
        "key":
        {
            "key": "key.jump",
            "continuous": true
        },
        "entity_action":
        {
            "type": "origins:change_resource",
            "resource": "*:*_timer",
            "change": 200
        },
        "hud_render":
        {
            "should_render": false,
            "sprite_location": "origins:textures/gui/resource_bar.png",
            "bar_index": 1
        }
    },
    "key.attack":
    {
        "type": "origins:active_self",
        "cooldown": 10,
        "key":
        {
            "key": "key.attack",
            "continuous": true
        },
        "entity_action":
        {
            "type": "origins:change_resource",
            "resource": "*:*_timer",
            "change": 200
        },
        "hud_render":
        {
            "should_render": false,
            "sprite_location": "origins:textures/gui/resource_bar.png",
            "bar_index": 1
        }
    },
    "key.use":
    {
        "type": "origins:active_self",
        "cooldown": 10,
        "key":
        {
            "key": "key.use",
            "continuous": true
        },
        "entity_action":
        {
            "type": "origins:change_resource",
            "resource": "*:*_timer",
            "change": 200
        },
        "hud_render":
        {
            "should_render": false,
            "sprite_location": "origins:textures/gui/resource_bar.png",
            "bar_index": 1
        }
    }
}