{
  "type": "origins:action_over_time",
  "interval": 30,
  "entity_action": {
    "type": "origins:and",
    "actions": [
      {
        "type": "origins:execute_command",
        "command": "effect give @s minecraft:invisibility 2 0 true"
      },
      {
        "type": "origins:execute_command",
        "command": "effect give @s minecraft:resistance 2 0 true"
      },
      {
        "type": "origins:execute_command",
        "command": "effect give @s minecraft:jump_boost 2 1 true"
      },
      {
        "type": "origins:execute_command",
        "command": "effect give @s minecraft:hunger 2 9 true"
      },
      {
        "type": "origins:execute_command",
        "command": "resource change @s hermes:exhaust_charge 5"
      }
    ]
  },
  "condition": {
    "type": "origins:power_active",
    "power": "hermes:toggle"
  },
  "name": "Stealth",
  "description": "You can press your secondary key to toggle on stealth mode. In stealth mode you gain invisibility, resistance and jump boost but you get hunger."
}