{
  "type": "origins:fire_projectile",
  "entity_type": "minecraft:ender_pearl",
  "cooldown": 400,
  "hud_render": {
    "should_render": true,
    "bar_index": 6
  },
  "speed": 10,
  "key": {
    "key": "key.origins.secondary_active",
    "continuous": true
  },
  "condition": {
    "type": "origins:and",
    "conditions": [
      {
        "type": "origins:equipped_item",
        "equipment_slot": "mainhand",
        "item_condition": {
          "type": "origins:ingredient",
          "ingredient": {
            "item": "minecraft:compass"
          }
        },
        "inverted": false
      }
      ]
  },
  "name": "Teleport",
  "description": "You can press your secondary key while holding compass in your mainhand to teleport to where your looking."
}