{
  "type": "origins:active_self",
  "hud_render": {
    "should_render": false
  },
  "cooldown": 400,
  "condition": {
    "type": "origins:equipped_item",
    "equipment_slot": "mainhand",
    "item_condition": {
      "type": "origins:ingredient",
      "ingredient": {
        "item": "minecraft:dirt"
      }
    },
    "inverted": true
  },
  "key": {
    "key": "key.origins.secondary_active",
    "continuous": true
  },
  "entity_action": {
    "type": "origins:execute_command",
    "command": "resource change @s hermes:exhaust_charge 15"
  },
  "hidden": true
}