{
	"type": "origins:multiple",
	
	"prevent": {
		"type": "origins:prevent_item_use",
		"item_condition": {
				"type": "origins:food"
		}
	},
	
	"eat": {
		"type": "origins:active_self",
		"entity_action": {
			"type": "origins:and",
			"actions": [
				{
					"type": "origins:feed",
					"food": 4,
					"saturation": 2
				},
				{
					"type": "origins:execute_command",
					"command": "playsound minecraft:entity.generic.eat master @s ~ ~ ~ 5"
				},
				{
					"type": "origins:equipped_item_action",
					"equipment_slot": "mainhand",
					"action": {
							"type": "origins:consume",
							"amount": 1
					}
				}
			]
		},
		"cooldown": 0,
		"condition": {
			"type": "origins:and",
			"conditions": [
				{
					"type": "origins:or",
					"conditions": [
						{
							"type": "origins:equipped_item",
							"equipment_slot": "mainhand",
							"item_condition": {
								"type": "origins:ingredient",
								"ingredient": {
										"item": "minecraft:coal"
								}
							}
						},
						{    
							"type": "origins:equipped_item",
							"equipment_slot": "mainhand",
							"item_condition": {
								"type": "origins:ingredient",
								"ingredient": {
										"item": "minecraft:charcoal"
								}
							}
						}
					]
				},
				{
					"type": "origins:food_level",
					"comparison": "<",
					"compare_to": 20
				}
			]
		},
		"hud_render": {
				"should_render": false
		},
		"key": {
			"key": "key.use",
			"continuous": false
		}
	},
	"name": "Fuel",
	"description": "Just like Festus, you can only eat coal or charcoal"

}