{
  "type":"origins:fire_projectile",
  "entity_type":"minecraft:small_fireball",
  "tag":"{NoGravity:1b}",
  "cooldown":200,
  "count":5,
  "hud_render":{
    "sprite_location":"origins:textures/gui/community/spiderkolo/resource_bar_points_01.png",
    "bar_index":6
  },
  "continuous":true,
  "speed":0.1,
  "sound":"item.firecharge.use",
  "divergence": 25,
  "name":"Pyrokinesis",
  "description":"Ability to shoot fireball with your secondary key.",
  "key": {
    "key": "key.origins.secondary_active",
    "continuous": true
  }
}