{
    "type": "origins:action_over_time",
    "hidden": false,
    "name": "Hot hands",
    "entity_action": {
        "type": "origins:and",
        "actions": [
            {
                "type": "origins:if_else",
                "if_action": {
                    "type": "origins:and",
                    "actions": [
                        {
                            "type": "origins:execute_command",
                            "permission_level": 4,
                            "command": "clear @s raw_iron 1"
                        },
                        {
                            "type": "origins:execute_command",
                            "permission_level": 4,
                            "command": "give @s iron_ingot 1"
                        }
                    ]
                },
                "condition": {
                    "type": "origins:equipped_item",
                    "inverted": false,
                    "equipment_slot": "mainhand",
                    "item_condition": {
                        "type": "origins:ingredient",
                        "inverted": false,
                        "ingredient": {
                            "item": "minecraft:raw_iron"
                        }
                    }
                }
            },
            {
                "type": "origins:if_else",
                "condition": {
                    "type": "origins:equipped_item",
                    "inverted": false,
                    "equipment_slot": "mainhand",
                    "item_condition": {
                        "type": "origins:ingredient",
                        "inverted": false,
                        "ingredient": {
                            "item": "minecraft:raw_gold"
                        }
                    }
                },
                "if_action": {
                    "type": "origins:and",
                    "actions": [
                        {
                            "type": "origins:execute_command",
                            "permission_level": 4,
                            "command": "clear @s raw_gold 1"
                        },
                        {
                            "type": "origins:execute_command",
                            "permission_level": 4,
                            "command": "give @s gold_ingot 1"
                        }
                    ]
                }
            },
            {
                "type": "origins:if_else",
                "condition": {
                    "type": "origins:equipped_item",
                    "inverted": false,
                    "equipment_slot": "mainhand",
                    "item_condition": {
                        "type": "origins:ingredient",
                        "inverted": false,
                        "ingredient": {
                            "item": "minecraft:raw_copper"
                        }
                    }
                },
                "if_action": {
                    "type": "origins:and",
                    "actions": [
                        {
                            "type": "origins:execute_command",
                            "permission_level": 4,
                            "command": "clear @s raw_copper 1"
                        },
                        {
                            "type": "origins:execute_command",
                            "permission_level": 4,
                            "command": "/give @s copper_ingot 1"
                        }
                    ]
                }
            }
        ]
    },
    "interval": 5,
    "description": "Your hands are hot enough to smelt raw iron, gold, or copper into their respective ingots"
}