{
  "type": "origins:action_over_time",
  "entity_action": {
    "type": "origins:and",
    "actions": [
      {
        "type": "origins:apply_effect",
        "effect": {
          "effect": "minecraft:weakness",
          "amplifier": 2,
          "duration": 40,
          "show_particles": false,
          "is_ambient": true
        }
      }
      
    ]
  },
  "interval": 20,
  "condition": {
    "type": "origins:submerged_in",
    "fluid": "minecraft:water"
  },
  "name":"Water smothers fire",
  "description":"You get weakness 3 and slowness 3 when submerged in water."
}