{
   "type":"origins:active_self",
   "entity_action":{
      "type":"origins:if_else",
      "condition":{
         "type":"origins:dimension",
         "dimension":"minecraft:the_nether"
      },
      "if_action":{
         "type":"origins:execute_command",
         "command":"execute in minecraft:overworld run teleport @s ~ ~ ~",
         "permission_level":4
      },
      "else_action":{
         "type":"origins:execute_command",
         "command":"execute in minecraft:the_nether run teleport @s ~ ~ ~",
         "permission_level":4
      },
      "key":"secondary"
   },
   "cooldown":1200,
   "hud_render":{
      "bar_index":9,
      "should_render":true,
      "sprite_location":"origins:textures/gui/community/spiderkolo/resource_bar_03.png"
   },
   "name":"Nether warper",
   "description":"You can switch between the underworld (nether) and overworld with secondary key."
}
