{
	"type": "origins:multiple",
	"sky": {
		"type": "origins:stacking_status_effect",
		"min_stacks": -20,
		"max_stacks": 361,
		"duration_per_stack": 10,
		"effects": [{
			"effect": "minecraft:slowness",
			"is_ambient": true,
			"show_particles": false,
			"show_icon": true,
			"amplifier": 1
		}],
		"condition": {
			"type": "origins:exposed_to_sky"
		}
	},
	"water_fatigue": {
		"type": "origins:action_over_time",
		"entity_action": {
			"type": "origins:apply_effect",
			"effect": {
				"effect": "minecraft:weakness",
				"duration": 40,
				"amplifier": 1,
				"show_particles": false
			}
		},
		"interval": 20,
		"condition": {
			"type": "origins:in_block",
			"block_condition": {
				"type": "origins:block",
				"block": "minecraft:water"
			}
		}
	},
	"name": "Out of your Territory",
	"description": "The water and the sky belong to Poseidon and Zeus, you get slowness 2 while under the sky and water hurts you."
}