{
    "name": "Hera's Rage",
    "description": "You get weakness 2 and hunger when cows are nearby.",
    "hidden": false,
    "type": "origins:action_over_time",
    "interval": 10,
    "entity_action":
    {
        "type": "origins:and",
        "actions": [
            {
                "type": "origins:execute_command",
                "permission_level": 4,
                "command": "execute as @s if entity @e[type=minecraft:cow,distance=..10] run effect give @s minecraft:weakness 1 1 true"
            },
			{
                "type": "origins:execute_command",
                "permission_level": 4,
                "command": "execute as @s if entity @e[type=minecraft:cow,distance=..10] run effect give @s minecraft:hunger 1 0 true"
            }
        ]
    }
}