{
    "name": "Aerokinesis",
    "description": "Holding sneak allow you to levitate.",
    "type": "origins:multiple",
    "bar_main":
    {
        "type": "origins:resource",
        "min": 0,
        "max": 60,
        "start_value": 60,
        "hud_render":
        {
            "should_render": true,
            "sprite_location": "origins:textures/gui/resource_bar.png",
            "bar_index": 7
        }
    },
    "bar_recharge_delay":
    {
        "type": "origins:resource",
        "min": 0,
        "max": 3,
        "start_value": 0,
        "hud_render":
        {
            "should_render": false,
            "sprite_location": "origins:textures/gui/resource_bar.png",
            "bar_index": 1
        }
    },
    "recharge":
    {
        "type": "origins:action_over_time",
        "interval": 1,
        "entity_action":
        {
            "type": "origins:and",
            "actions": [
                {
                    "type": "origins:change_resource",
                    "resource": "*:*_bar_recharge_delay",
                    "change": -1
                },
                {
                    "type": "origins:if_else",
                    "condition":
                    {
                        "type": "origins:resource",
                        "inverted": false,
                        "comparison": "==",
                        "resource": "*:*_bar_recharge_delay",
                        "compare_to": 0
                    },
                    "if_action":
                    {
                        "type": "origins:change_resource",
                        "resource": "*:*_bar_main",
                        "change": 1
                    }
                }
            ]
        }
    },
    "instant_charge":
    {
        "type": "origins:action_on_land",
        "entity_action":
        {
            "type": "origins:change_resource",
            "resource": "*:*_bar_main",
            "change": 60
        }
    },
    "activate":
    {
        "type": "origins:active_self",
        "cooldown": 1,
        "key":
        {
            "continuous": true,
            "key": "key.sneak"
        },
        "hud_render":
        {
            "should_render": false,
            "sprite_location": "origins:textures/gui/resource_bar.png",
            "bar_index": 0
        },
        "entity_action":
        {
            "type": "origins:and",
            "actions": [
                {
                    "type": "origins:change_resource",
                    "resource": "*:*_bar_recharge_delay",
                    "change": 3
                },
                {
                    "type": "origins:if_else",
                    "condition":
                    {
                        "type": "origins:resource",
                        "inverted": false,
                        "comparison": "!=",
                        "resource": "*:*_bar_main",
                        "compare_to": 0
                    },
                    "if_action":
                    {
                        "type": "origins:and",
                        "actions": [
                            {
                                "type": "origins:change_resource",
                                "resource": "*:*_bar_main",
                                "change": -1
                            },
                            {
                                "type": "origins:apply_effect",
                                "effect":
                                {
                                    "duration": 2,
                                    "amplifier": 7,
                                    "is_ambient": false,
                                    "show_particles": false,
                                    "show_icon": false,
                                    "effect": "levitation"
                                }
                            },
                            {
                                "type": "origins:execute_command",
                                "permission_level": 4,
                                "command": "execute anchored feet run particle minecraft:dust 1 1 1 .8 ^.1 ^ ^ 0 0 0 1 0"
                            },
                            {
                                "type": "origins:execute_command",
                                "permission_level": 4,
                                "command": "execute anchored feet run particle minecraft:dust 1 1 1 .8 ^-.1 ^ ^ 0 0 0 1 0"
                            },
                            {
                                "type": "origins:execute_command",
                                "permission_level": 4,
                                "command": "playsound minecraft:block.sand.break player @a[distance=..10] ~ ~ ~ .1 0"
                            }
                        ]
                    }
                }
            ]
        }
    },
    "fall_immune":
    {
        "type": "origins:invulnerability",
        "damage_condition":
        {
            "type": "origins:name",
            "inverted": false,
            "name": "fall"
        }
    }
}
