{
    "type": "origins:active_self",
    "cooldown": 40,
    "entity_action": {
        "type": "origins:execute_command",
        "permission_level": 4,
        "command": "summon minecraft:lightning_bolt ^ ^ ^3"
    },
    "key": {
        "key": "secondary",
        "continuous": false
    },
    "hud_render": {
        "should_render": true,
        "sprite_location": "origins:textures/gui/resource_bar.png"
    },
    "name": "Electrokinesis",
    "description": "Ability to summon lightning by using your secondary key."
}