{
	"type": "origins:multiple",
	"nether_slow": {
		"type": "origins:action_over_time",
		"entity_action": {
			"type": "origins:apply_effect",
			"effect": {
				"effect": "minecraft:slowness",
				"duration": 40,
				"amplifier": 1,
				"show_particles": false
			}
		},
		"interval": 20,
		"condition": {
			"type": "origins:dimension",
			"dimension": "minecraft:the_nether"
		}
	},
	"fire_damage": {
		"type": "origins:modify_damage_taken",
		"damage_condition": {
			"type": "origins:fire"
		},
		"modifier": {
			"operation": "multiply_base",
			"value": 2
		}
	},
	"water_fatigue": {
		"type": "origins:action_over_time",
		"entity_action": {
			"type": "origins:apply_effect",
			"effect": {
				"effect": "minecraft:weakness",
				"duration": 40,
				"amplifier": 1,
				"show_particles": false
			}
		},
		"interval": 20,
		"condition": {
			"type": "origins:in_block",
			"block_condition": {
				"type": "origins:block",
				"block": "minecraft:water"
			}
		}
	},
	"name": "Out of your Territory",
	"description": "The water and the nether belong to Poseidon and Hades, so you get slowness 2 in the nether, take double fire damage, and get weakness 2 while in water."
}