{
    "type": "origins:stacking_status_effect",
    "min_stacks": 0,
    "max_stacks": 1,
    "duration_per_stack": 10,
    "effect": {
        "effect": "minecraft:resistance",
        "duration": 40,
		"amplifier": 1,
		"show_particles": false
    },
    "condition": {
        "type": "origins:and",
        "conditions": [
            {
                "type": "origins:daytime"
            },
            {
                "type": "origins:exposed_to_sky"
            }
        ]
    },
    "name": "Zeus protection",
    "description": "Under the sky you get resistance 2."
}