{
    "type": "origins:stacking_status_effect",
    "min_stacks": 0,
    "max_stacks": 1,
    "duration_per_stack": 20,
    "name":"Poseidon Curse",
    "description":"You are unable to fly in the rain and are much slower and weaker when in it.",
    "effects": [

        
		{
            "effect": "minecraft:weakness",
            "is_ambient": true,
            "show_particles": false,
            "show_icon": true
        }
    ],
		"condition": {
			"type": "origins:or",
			"conditions": [{
					"type": "origins:in_rain"
				},
				{
					"type": "origins:fluid_height",
					"fluid": "minecraft:water",
					"comparison": ">",
					"compare_to": 0.0
				}
			]
		}
	}
}