{
  "type": "origins:conditioned_attribute",
  "condition": {
    "type": "origins:equipped_item",
    "equipment_slot": "mainhand",
    "item_condition": {
      "type": "origins:ingredient",
      "ingredient": {
        "item": "minecraft:air"
      }
    }
  },
  "modifier": {
    "attribute": "minecraft:generic.attack_damage",
    "operation": "addition",
    "value": -0.5,
    "name": "Decreased fist damage"
  },
  "tick_rate": 10,
  "name": "Delicate Touch",
  "description": "You deal less damage to others."
}