{
   "name":"Charmspeak 2",
   "description":"All mobs are friendly to you.",
   "type":"origins:action_over_time",
   "interval":1,
   "entity_action":{
      "type":"origins:and",
      "actions":[
         {
            "type":"origins:execute_command",
            "permission_level":4,
            "command":"execute at @p as @s anchored eyes run scale set pehkui:motion 0 @e[distance=..16,type=!player,type=!minecraft:horse,type=!minecraft:parrot,type=!#minecraft:dog,type=!cat,type=!minecraft:dolphin,type=!minecraft:donkey,type=!minecraft:villager]"
         },{
            "type":"origins:execute_command",
            "permission_level":4,
            "command":"team add GoodGroupKarma"
         },
         {
            "type":"origins:execute_command",
            "permission_level":4,
            "command":"execute at @p as @s run tag @e[distance=..32] add Good"
         },
		 
		  {
            "type":"origins:execute_command",
            "permission_level":4,
            "command":"team join GoodGroupKarma @e[team=!GoodGroupKarma,tag=Good]"
         }, {
            "type":"origins:execute_command",
            "permission_level":4,
            "command":"execute at @p as @s anchored eyes run scale set pehkui:motion 1 @e[distance=32..,tag=Good, type=!minecraft:player]"
         }, {
            "type":"origins:execute_command",
            "permission_level":4,
            "command":"execute at @p as @s run tag @e[distance=35..,type=!minecraft:player] remove Good"
         },{
            "type":"origins:execute_command",
            "permission_level":4,
            "command":"/team leave @e[team=GoodGroupKarma,tag=!Good]"
   }]}


}
