{
    "type": "origins:active_self",
    "name": "Charmspeak",
    "description": "You can stun all mobs in a radius with your primary key.",
    "hidden": false,
    "cooldown": 600,
    "entity_action":
    {
        "type": "origins:and",
        "actions": [
            {
                "type": "origins:execute_command",
                "permission_level": 4,
                "command": "effect give @e[distance=0.1..10] minecraft:slowness 40 30"
            },
            {
                "type": "origins:execute_command",
                "permission_level": 4,
                "command": "particle minecraft:flash ~ ~ ~ 0 0 0 0 1 normal"
            },
            {
                "type": "origins:execute_command",
                "permission_level": 4,
                "command": "particle minecraft:dust 5 5 5 .7 ~ ~1 ~ 1 1 1 1 25 normal"
            },
            {
                "type": "origins:play_sound",
                "sound": "entity.illusioner.prepare_mirror",
                "volume": 1,
                "pitch": 2
            }
        ]
    },
    "hud_render":
    {
        "should_render": true,
        "sprite_location": "origins:textures/gui/community/huang/resource_bar2.png",
        "bar_index": 2
    },
    "key":"primary"
}