{
	"name":"Father's voice",
	"description":"Both of your father, Ares and Mars shouting right at your ear when you have lower than 4 hearts, giving you nausea.",
	"hiddden": true,
	"type": "origins:active_self",
	"entity_action": {
		"type": "origins:and",
		"actions": [{
					"type": "origins:execute_command",
					"command": "/summon skeleton ~2 ~ ~ {PersistenceRequired:1,HandItems:[{Count:1,id:bow,tag:{Enchantments:[{id:flame}]}},{}],ArmorItems:[{},{},{Count:1,id:golden_chestplate,tag:{Enchantments:[{id:protection,lvl:2},{id:unbreaking,lvl:3}]}},{Count:1,id:golden_helmet,tag:{Enchantments:[{id:protection,lvl:1},{id:unbreaking,lvl:3}]}}],ActiveEffects:[{Id:1,Amplifier:1,Duration:999999}]}",
					"permission_level": 4
			},
			{
					"type": "origins:execute_command",
					"command": "summon skeleton ~-2 ~ ~ {PersistenceRequired:1,HandItems:[{Count:1,id:bow,tag:{Enchantments:[{id:flame}]}},{}],ArmorItems:[{},{},{Count:1,id:golden_chestplate,tag:{Enchantments:[{id:protection,lvl:2},{id:unbreaking,lvl:3}]}},{Count:1,id:golden_helmet,tag:{Enchantments:[{id:protection,lvl:1},{id:unbreaking,lvl:3}]}}],ActiveEffects:[{Id:1,Amplifier:1,Duration:999999}]}",
					"permission_level": 4
			},
			{
					"type": "origins:execute_command",
					"command": "summon skeleton ~-2 ~ ~ {PersistenceRequired:1,HandItems:[{Count:1,id:bow,tag:{Enchantments:[{id:flame}]}},{}],ArmorItems:[{},{},{Count:1,id:golden_chestplate,tag:{Enchantments:[{id:protection,lvl:2},{id:unbreaking,lvl:3}]}},{Count:1,id:golden_helmet,tag:{Enchantments:[{id:protection,lvl:1},{id:unbreaking,lvl:3}]}}],ActiveEffects:[{Id:1,Amplifier:1,Duration:999999}]}",
					"permission_level": 4
			},
			{
					"type": "origins:execute_command",
					"command": "summon skeleton ~-2 ~ ~ {PersistenceRequired:1,HandItems:[{Count:1,id:bow,tag:{Enchantments:[{id:flame}]}},{}],ArmorItems:[{},{},{Count:1,id:golden_chestplate,tag:{Enchantments:[{id:protection,lvl:2},{id:unbreaking,lvl:3}]}},{Count:1,id:golden_helmet,tag:{Enchantments:[{id:protection,lvl:1},{id:unbreaking,lvl:3}]}}],ActiveEffects:[{Id:1,Amplifier:1,Duration:999999}]}",
					"permission_level": 4
			},
			{
					"type": "origins:execute_command",
					"command": "summon skeleton ~-2 ~ ~ {PersistenceRequired:1,HandItems:[{Count:1,id:bow,tag:{Enchantments:[{id:flame}]}},{}],ArmorItems:[{},{},{Count:1,id:golden_chestplate,tag:{Enchantments:[{id:protection,lvl:2},{id:unbreaking,lvl:3}]}},{Count:1,id:golden_helmet,tag:{Enchantments:[{id:protection,lvl:1},{id:unbreaking,lvl:3}]}}],ActiveEffects:[{Id:1,Amplifier:1,Duration:999999}]}",
					"permission_level": 4
			}
		]
	},
	"cooldown": 6000,
	"key":"secondary",
	"hud_render": {
		"should_render": true,
		"sprite_location": "origins:textures/gui/community/spiderkolo/resource_bar_01.png",
		"bar_index": 24
	}
	
	
}