{
  "hidden":true,
  "type": "origins:action_over_time",
  "entity_action": {
    "type": "origins:and",
    "actions": [
      {
        "type": "origins:apply_effect",
        "effect": {
          "effect": "minecraft:regeneration",
          "amplifier": 0,
          "duration": 40,
          "show_particles": false,
          "is_ambient": true
        }
      }
      
    ]
  },
  "interval": 20,
  "condition": {
    "type": "origins:health",
    "comparison": "<",
    "compare_to": 8
}
  }