{
  "name":"Ares' Blessing",
  "description":"When you have less than 4 hearts, you are bless with strength, speed and regeneration.",
  
  "hidden":false,
  "type": "origins:action_over_time",
  "entity_action": {
    "type": "origins:and",
    "actions": [
      {
        "type": "origins:apply_effect",
        "effect": {
          "effect": "minecraft:speed",
          "amplifier": 1,
          "duration": 40,
          "show_particles": false,
          "is_ambient": true
        }
      }
      
    ]
  },
  "interval": 20,
  "condition": {
    "type": "origins:health",
    "comparison": "<",
    "compare_to": 8
}
  }