{
	"powers": [
		"hermes:jump",
		"hermes:exhaust",
		"hermes:tp",
		"hermes:speed",
		"hermes:toggle",
		"hermes:stealth",
		"hermes:teleport",
		"hermes:fire",
		"hermes:arrows",
		"hermes:magic",
		"hermes:use",
		"hermes:luck2",
		"hermes:life",
		"hermes:70",
		"hermes:80",
		"hermes:90",
		"hermes:cool",
		"hermes:cold_feet",
		"hermes:vill",
		"hermes:sky",
		"hermes:move_detect"
	
		
	],
	"icon": "minecraft:compass",
	"order": 10,
	"impact": 3,
	"name": "Luke",
	"description": "Child of Hermes."
}
