{
	"type": "origins:active_self",
	"entity_action":{
		"type": "origins:spawn_entity",
		"entity_type": "minecraft:horse",
		"tag": "{Tame:1,Variant:5,SaddleItem:{id:saddle,Count:1},CustomName:\"\\\"Blackjack\\\"\"}"
	},
	"cooldown": 12000,
	"hud_render": {
        "should_render": true,
        "sprite_location": "origins:textures/gui/community/spiderkolo/resource_bar_01.png",
        "bar_index": 21
    },
	"name": "Blackjack",
	"description": "Press your primary key to summon your pegasus, Blackjack."
}