{
  "type": "origins:action_over_time",
  "entity_action": {
    "type": "origins:and",
    "actions": [
      {
        "type": "origins:apply_effect",
        "effect": {
          "effect": "minecraft:conduit_power",
          "amplifier": 0,
          "duration": 40,
          "show_particles": false,
          "is_ambient": true
        }
      },
      {
        "type": "origins:execute_command",
        "command": "execute if entity @e[type=player,distance=..5] run effect give @e[type=player,distance=..5] minecraft:conduit_power 2 1",
        "permission_level": 4
      }
    ]
  },
  "interval": 20,
  "condition": {
    "type": "origins:submerged_in",
    "fluid": "minecraft:water"
  },
  "name": "Hydrokinesis",
  "description": "You constantly have an aura of Conduit power that you and nearby players benefit from."
}