{
    "type": "origins:action_over_time",
    "interval": 20,
    "entity_action": {
        "type": "origins:and",
        "actions": [
			{
                "type": "origins:execute_command",
                "permission_level": 4,
                "command": "team add sea"
            },
            {
                "type": "origins:execute_command",
                "permission_level": 4,
                "command": "team join sea @s"
            },
            {
                "type": "origins:execute_command",
                "permission_level": 4,
                "command": "team join sea @e[type=minecraft:drowned]"
            }
        ]
    },
	    "name": "Zoolinguism",
    "description": "Drowned won't attack you and elder guardians can't give you mining fatigue."
}