{
	"type": "origins:active_self",
	"hidden":true,
	"entity_action": {
		"type": "origins:and",
		"actions": [{
			"type": "origins:add_velocity",
			"z": 7,
			"space": "local",
			"set": true
		}]
	},

	"cooldown": 90,
	"key": {
		"key": "key.origins.secondary_active",
		"continuous": false
	},
	"condition": {
		"type": "origins:in_rain"

	},

	"hud_render": {
		"should_render": true,
		"sprite_location": "origins:textures/gui/community/spiderkolo/resource_bar_03.png",
		"bar_index": 23
	}


}