{
    "type": "origins:active_self",
    "name": "Riptide",
    "description": "You get a riptide boost in water by pressing your secondary key.",
    "entity_action": {
        "type": "origins:and",
        "actions": [
            {
                "type": "origins:add_velocity",
                "z": 7,
                "space": "local",
                "set": true
            }
        ]
    },
    "hud_render": {
        "sprite_location": "origins:textures/gui/community/huang/resource_bar_01.png",
        "bar_index": 10,
        "should_render": true
    },
    "cooldown": 90,
    "key": {
        "key": "key.origins.secondary_active",
        "continuous": false
    },
	"condition":{
      "type":"origins:submerged_in",
      "fluid":"minecraft:water"
	}
}