{
  "type": "origins:stacking_status_effect",
  "min_stacks": 0,
  "max_stacks": 26,
  "duration_per_stack": 10,
  "effects": [
    {
      "effect": "minecraft:conduit_power",
      "is_ambient": false,
      "show_particles": false,
      "show_icon": true,
	  "duration": 1,
      "amplifier": 2
    },
	{
		"effect": "minecraft:regeneration",
        "amplifier": 1,
        "is_ambient": true,
        "show_particles": false,
        "show_icon": false
	}
  ],
  "condition": {
    "type": "origins:submerged_in",
    "fluid": "minecraft:water"
  },
  "name": "Vitakinesis",
  "description": "You get regeneration 2 when in touch with water."
}