{
  "type": "origins:action_over_time",
  "interval": 100,
  "entity_action": {
    "type": "origins:and",
    "actions": [
      {
        "type": "origins:execute_command",
        "command": "gamerule randomTickSpeed 10000",
        "permission_level": 4
      },
      {
        "type": "origins:execute_command",
        "command": "playsound minecraft:block.beacon.activate ambient @a[distance=..10] ~ ~ ~ 1 1",
        "permission_level": 4
      },
      {
        "type": "origins:delay",
        "ticks": 10,
        "action": {
          "type": "origins:execute_command",
          "command": "gamerule randomTickSpeed 3",
          "permission_level": 4
        }
      }
    ]
  },
  "name": "Chlorokinesis",
  "description": "When you are around plants, you will increase its growth rate."
}