{
	"type": "origins:multiple",
	"name": "Plant Telekinesis",
	"description": "With the plants assitance you gain 3 armor bar and speed boost in forest biome ",
	"sturdy_traveller": {
		"type": "origins:conditioned_attribute",
		"modifier": {
			"attribute": "minecraft:generic.armor",
			"value": 6,
			"operation": "addition"
		},
		"condition": {
			"type": "origins:biome",
			"condition": {
				"type": "origins:category",
				"category": "forest"
			}
	}
	},
	
	"forest_speed": {
		"type": "origins:conditioned_attribute",
		"modifier": {
			"attribute": "minecraft:generic.movement_speed",
			"operation": "addition",
			"value": 0.04
		},
		"condition": {
			"type": "origins:biome",
			"condition": {
				"type": "origins:category",
				"category": "forest"
			}
		}
	}
}