{
  "type": "origins:action_over_time",
  "entity_action": {
  "type": "origins:apply_effect",
    "effect": {
      "effect": "minecraft:resistance",
      "duration": 360, 
      "amplifier": 1,
      "show_particles" : false,
      "show_icon" : false 
    }
  },
  "condition": {
    "type": "origins:daytime",
    "inverted": false
  },
  "cooldown": 20000,
  "interval": 20,
  "name": "Photosynthesis",
  "description": "Under the sun you get resistance 2 but at night you get weakness 2.",
  "hidden": false
}