{
    "name": "Heightened Senses",
    "description": "Using your secondary key, every entity around you will glow.",
        "type": "origins:active_self",
        "entity_action": {
            "type": "origins:and",
            "actions": [
                {
                    "type": "origins:execute_command",
                    "command": "effect give @e[distance=..30] minecraft:glowing 15 1 true",
                    "permission_level": 4
                },
                {
                    "type": "origins:execute_command",
                    "command": "effect clear @s",
                    "permission_level": 4
                },
                {
                    "type": "origins:execute_command",
                    "command": "playsound minecraft:entity.wolf.pant ambient @s",
                    "permission_level": 4
                }
            ]
        },
        "cooldown": 400,
        "hud_render": {
            "should_render": true,
                    "sprite_location": "origins:textures/gui/community/spiderkolo/resource_bar_01.png",
                    "bar_index": 0
        },
        "key": {
                "key": "key.origins.secondary_active",
                "continuous": false
        }
}