{
  "type": "origins:action_over_time",
  "entity_action": {
  "type": "origins:apply_effect",
    "effect": {
      "effect": "minecraft:strength",
      "duration": 360, 
      "amplifier": 1,
      "show_particles" : false,
      "show_icon" : true 
    }
  },
  "condition": {
    "type": "origins:daytime",
    "inverted": true
  },
  "cooldown": 20000,
  "interval": 20,
  "name": "Artemis' blessing",
  "description": "At night you gain strength and jump boost but get weakness during the day."
}