{
    "type": "origins:modify_damage_dealt",
    "condition": {
        "type": "origins:equipped_item",
        "equipment_slot": "mainhand",
        "item_condition": {
            "type": "origins:ingredient",
            "ingredient": {
                "tag": "wolf:weapon"
            }
        }
    },
    "modifier": {
        "operation": "multiply_base",
        "value": 1,
        "name": "weapon attack multiplier"
    },
    "name": "Archer",
    "description": "Bow and crossbow deal 2x damage."
}